node,clustering_coefficient
2121,0.0008909076877852214
4391,0.006676595684725675
8927,0.0022629375389592453
398,0.0012502102974845345
4000,0.0008275091102630595
5668,0.0020294960038751407
652,0.003173436570873855
60,0.0028702658819746317
9018,0.0008219965218397012
3079,0.001053814115758198
6000,0.0021582999443486585
5615,0.0010014197600476133
5376,0.004814134636259415
7213,0.001065113877046202
8339,0.002706696071217904
7601,0.005116811331210861
10935,0.0032297667688432974
10096,0.0027939293364955997
8035,0.009347656580799127
2539,0.0035815225383248705
4594,0.0016484617710736476
5700,0.001385789671120019
10582,0.004116814295841792
2351,0.0011069200964319572
7419,0.003637437424083244
4480,0.003370580192650768
8233,0.001644844522688602
8725,0.0063848399963523225
8397,0.0019679257513843204
11275,0.001044571471381141
9547,0.002684179082119889
3498,0.003915449707687196
9946,0.002996369496601905
10033,0.004724372032005359
4899,0.004975176794320648
5084,0.023931918446226545
5149,0.023931918446226545
7899,0.0014651985728752009
6687,0.010879782136944583
9725,0.0052153425935247966
7087,0.00346007571868159
7981,0.004877942456406155
7997,0.013582313502503834
9746,0.0020112458749890114
8523,0.023931918446226545
8972,0.006674680166818834
9064,0.008587221887317502
358,0.0008937658996657611
218,0.005018868874865957
2113,0.006375695380773164
2114,0.002021702365014475
2411,0.0020529420830890915
8183,0.002998623198694638
9356,0.0021864694914012542
7346,0.0017950366765292017
1426,0.005709583056802688
4177,0.0031905069889215758
6179,0.0010088335323320428
285,0.005045875467038508
882,0.008380747317859483
3893,0.0012602184712124996
4664,0.006813390569875013
186,0.0024613777262648025
2760,0.007569201586736836
10216,0.0059176124086791695
8737,0.005138890394305858
9722,0.0036219676048462966
6027,0.003006603595840896
6161,0.00282096088638959
7915,0.002283053351091473
9533,0.0027887047932021454
6289,0.002651089780634238
9168,0.003440228524655533
9439,0.0010603447651789614
5858,0.0029306430696307796
6363,0.001881771814813201
5825,0.003332675199585567
1163,0.003955304313013336
7179,0.006770131973464905
5635,0.01039885047572692
1338,0.004943979932679098
3452,0.005241354111895172
5914,0.008426310330027241
1671,0.005312536880774906
6547,0.0075822059645533416
6121,0.005239150647432825
2878,0.002390354171239336
932,0.00562755520901306
1114,0.00631314392840054
1217,0.005034906737062483
1247,0.007073405444651513
1383,0.004898906123346798
1428,0.007945810559044579
1436,0.007210975301346396
1837,0.005426383315588219
1930,0.008632725449522595
1942,0.005943658839760962
1990,0.007295831487348282
2084,0.005495357556639497
2219,0.004914698295934378
2554,0.0035645687955252704
3243,0.006767719676256435
3415,0.009118038971070939
3615,0.006292485396130133
3793,0.004091709828165671
3933,0.007796403006568548
3980,0.0072271592791109925
3997,0.005587037604694434
4006,0.006205882533109686
4016,0.005152835528270103
4063,0.004237654099311756
4064,0.006018408791677873
4182,0.005009604406842911
4207,0.007363017977468309
4242,0.009421130567530422
4338,0.004335378707657712
4363,0.007482641961682639
4406,0.007791040429308009
4482,0.0054651500465387895
4641,0.004591689748493195
4649,0.00548047606586381
4661,0.008309076494390924
4806,0.004801691100980818
5106,0.009853044997348064
5340,0.008970671718954378
9680,0.003671878297760753
5969,0.008582634024192896
6071,0.010781124367472611
6080,0.004697403106828131
6122,0.006328450726647577
6380,0.005503728291048368
6580,0.005519459804414534
7136,0.0028439736338785686
7878,0.009938078126428967
10470,0.006139402384024677
10689,0.0036454648544277813
9037,0.010124530281127803
3409,0.006116509122354926
3179,0.003431649797959193
2694,0.005353175630215338
7624,0.0031740369304264133
3722,0.006978108356756394
2781,0.004989029361118949
7418,0.004295421206294544
1507,0.005307647644812149
8932,0.003146395913706362
6297,0.007468611778335096
1865,0.006339243089449529
2821,0.003368512981625351
4117,0.0045258433305012885
4844,0.005600936559153767
8931,0.0031072740276567256
3878,0.002363762644545923
5353,0.0015918176857815955
7056,0.002004756238709392
8320,0.0032718254411438804
1686,0.0
6521,0.004664563900932151
6371,0.0027136217236977548
9920,0.0010920542769652728
708,0.004530047108017527
7539,0.006161593128775452
1995,0.0026487572626620612
2433,0.005847234743409074
2463,0.001967355416545926
3038,0.0035010210672128134
3071,0.0073706745116488125
3173,0.006544610263993656
3253,0.008638953278690189
3406,0.004651358302008146
3865,0.0051840916485388295
3868,0.005010801221818138
10843,0.0019724423716231763
4002,0.0055234231149016745
4017,0.012774289723868794
4084,0.0023317677424456616
4384,0.000409743678305935
4541,0.002247135867979495
4552,0.003916942897620315
4608,0.00662339640413184
5193,0.0025534161970880796
5358,0.004712015186661983
5488,0.004522792975430926
5737,0.014303139820279502
5784,0.002677426464320527
5922,0.0023954892423356353
6108,0.003317754580454496
6143,0.0020021514355656666
6413,0.003921756871038936
6485,0.0025429608977797454
6533,0.0025003355534293902
6560,0.002297666965288127
6693,0.004311604223287667
6733,0.0037390261012998608
7073,0.000638221216557636
7634,0.012567865132162731
7692,0.001477090161630769
7738,0.002243922068380918
7780,0.0032086626913695967
7920,0.021824568506836322
7986,0.0030729825167488574
8375,0.0033797652332643174
8600,0.012761605640315244
8769,0.0038043598309721468
8848,0.01671652646674686
8853,0.0029701998825607703
9102,0.0011264759395282044
9263,0.00414084518853727
9330,0.0022964576141902616
9512,0.002362323825795716
10327,0.004914431722734773
10803,0.007384741238621163
8213,0.0013829469003773989
10844,0.006554566964397797
2950,0.0037504288401515526
999,0.0
2055,0.0
6824,0.0006343724644773647
3104,0.002120193852868653
605,0.001601892620175917
10258,0.0014252208085339996
5579,0.0028470655239575854
7138,0.003083015249122504
2978,0.0032077980619052778
3725,0.0018159533508796983
3250,0.008971852845352965
8387,0.0018081166906832849
4162,0.003750595866866861
6370,0.0035027751968918744
2635,0.0012878545570780572
520,0.0015671696988529174
4562,0.0025574619693232875
4836,0.003985947453000101
4810,0.0014961293786241675
1541,0.00019449216458159664
32,0.0018519021131597514
11634,0.0016160324608022582
5925,0.004237964910045292
4003,0.0017171583995003266
5368,0.0010770827393652566
6097,0.001651262648598967
3689,0.0023339127739825083
5264,0.0019016281854468623
3915,0.0018135327542179256
6640,0.0020939020677986603
2620,0.0016190555857383718
9486,0.002067298574651021
2117,0.001192224405913648
3419,0.005978745111575107
4202,0.002107981518682491
4568,0.0038510706979673673
6138,0.0011054309603075745
4857,0.003176447318750035
4759,0.007323370327580097
4733,0.0026561625188176122
2,0.00019898128498174722
9091,0.0062867667585548345
3441,0.00365824759220661
8567,0.002885686397333342
1035,0.0018755636411119997
2527,0.004067011721264008
2963,0.003499518763600235
3625,0.003453549914289022
3630,0.0038644206991507585
3738,0.006235114543039453
3892,0.0074110062475119115
4123,0.00836346246610804
4256,0.00516345821977618
4290,0.00330242412036485
4854,0.007310887582222809
5365,0.0039030653471771367
5483,0.0037572136878149956
6012,0.004157167074598209
6034,0.003341963758114898
6089,0.00418029999086746
6187,0.003465953602227168
6188,0.005666706645264009
6280,0.008095317303089239
6321,0.0034109574003235977
6443,0.00297629980011572
6456,0.007088381515934666
6479,0.0050465137208576104
6574,0.0017256132722247755
6583,0.004141760970456387
6631,0.002828255642831502
6683,0.005802149655845278
6695,0.0041187517192192435
6696,0.011606883882591394
6816,0.008728644381363228
6997,0.0032754869743316572
7819,0.00745245446724824
8763,0.0035864728387311577
9118,0.0028673852860083295
9235,0.0043040009155645535
6453,0.0052818174434163525
6774,0.008681149152711232
5542,0.001663501132182533
6214,0.0037358249166127926
3534,0.0031992718705960385
5214,0.0007780391181925415
2959,0.0025682324613959637
2421,0.002452933714401625
11991,0.002321864472355608
8246,0.0004649709599262082
7712,0.001972057985114066
3995,0.005115197301498842
4334,0.006855058890512058
3967,0.002081216054508724
5453,0.003302766283074035
9368,0.0007203517081944933
4043,0.00802759983600056
5629,0.009140245068624996
1250,0.0043381482944346945
9505,0.0020052200503322447
1688,0.0021775224803838042
3134,0.0017618999624451675
1922,0.008067197471665025
3073,0.0005390456328038621
10816,0.0018988562253543276
7151,0.0033330654000185704
4238,0.000932177932537125
11346,0.0008584373567485024
37,0.001746593902419734
4722,0.0015140599104263392
9919,0.0033323142454334924
10063,0.0024245146128254874
5844,0.0022001044567507163
6849,0.0016555439335218189
1721,0.008669816494041568
2190,0.0036314847862414235
3991,0.004122877719942358
8865,0.014464283687974611
5166,0.002942798937147603
9577,0.006457601360852798
5597,0.005648994198027264
5973,0.00988270929147834
6042,0.008959093460947415
6072,0.006491080986532144
6153,0.0022975452276628944
6157,0.007066616246319438
8709,0.008460312506343565
6274,0.0012297500468864142
6278,0.010668734467542665
6383,0.008601629907764507
6392,0.007169343648365125
6563,0.004876599861595025
7168,0.012274593428348532
7666,0.008760608338169537
7883,0.013777413511640245
8207,0.005665175495037357
8265,0.008846767804524185
8593,0.00900895444279455
8805,0.006592760849727212
8994,0.0035278948458919266
9117,0.00230968560152442
9273,0.010639184120984291
9534,0.0049313121537254865
10027,0.005644960978643107
3292,0.004201695041931642
7926,0.0045304791491438245
7561,0.001754620419196193
7651,0.0011115512393902955
4532,0.0019006965876277343
8806,0.0022875793479608156
3338,0.0010242549229026016
8537,0.0007142597442791309
1,0.00012847869107722107
4172,0.006829685329725042
6957,0.003374657234869237
3726,0.0025011791388129504
8291,0.002676178518258358
8651,0.0010397968727085113
8693,0.003955746341894972
1362,0.002073929147632542
9132,0.005044548541523977
7862,0.002797036193195142
9812,0.001924009436044567
7322,0.005452288726061318
3237,0.0021852103375987085
787,0.003053894289412023
6298,0.003279799661910962
983,0.002803003270857555
1153,0.006294222694636621
1387,0.0022646632783556143
1423,0.009759749382914676
7961,0.0043776882248296265
7049,0.00913590896252385
2758,0.0028089252773642087
2470,0.0021852346874452447
3393,0.010084297707081849
4200,0.010727384792243874
4295,0.009144626898923763
4518,0.014213936353617597
4676,0.006967897744727672
4902,0.007300788337859609
5019,0.004647728377218678
5060,0.01138889749000485
5187,0.005564175517492797
5191,0.008380219282544624
5600,0.018654011065543537
5694,0.0068372788590788285
5768,0.018637938176831573
6134,0.01762905613185382
6305,0.0010500242946654566
6361,0.0040241841348025486
6669,0.006083115157391985
6970,0.01818848513433232
7095,0.010680323089459954
7278,0.001161663607200126
8346,0.0050222897632201495
9879,0.002189932801611368
9079,0.0058519858901453555
9136,0.005068415807727985
9508,0.00533245373720222
9589,0.008055914878442726
5801,0.0017621424299441503
7051,0.009121323624853649
8835,0.009198742500611853
540,0.0024004944275702973
5458,0.0017157850926821571
9206,0.005258111753828843
4007,0.0017146625491630209
7249,0.002733806427949818
9621,0.003078399605127232
4696,0.00625430598609231
7066,0.005951410374818529
4811,0.002124984476600631
2131,0.0008783948071336871
9017,0.002109128047382067
4621,0.0017839931622200757
1018,0.007136297119051689
1339,0.008201738460717787
2459,0.004579779673271834
3259,0.007671465472739503
3808,0.0027095936977718127
3954,0.0025075819353943415
4458,0.0036526386462904757
4626,0.0
4821,0.004938406808253038
6094,0.0019314217294695629
6096,0.013778519618054924
8751,0.0030683355409249755
9049,0.0021336278937957405
604,0.002740332387505778
649,0.002108589602480507
391,0.00276459569495668
4537,0.0035833105791292937
216,0.002817687270335628
10603,0.0007651405532529224
4523,0.0023842063800707503
2976,0.002717490297904395
6570,0.0015041169057253337
3276,0.0010851439352521372
6780,0.005547677218623124
7454,0.0020148734822068785
1026,0.0026978425372499886
6840,0.0033029540069327737
5932,0.0029369276643159132
2891,0.0018516355689356097
3236,0.0019307297054017528
7026,0.0034928432747053607
2370,0.0019454358950301927
10962,0.0019128867605970085
2912,0.0014181144938489624
1665,0.003123495246974827
4803,0.008340954692142175
1755,0.0024615862519102205
7998,0.0031095355251057827
4798,0.001239631088586872
9215,0.0013310851422589037
1038,0.003163620808629873
4370,0.0016904808639067893
5528,0.0017116992730573594
1129,0.0013426326188011055
5934,0.0007626002496887147
972,0.0015439605123420488
4036,0.005148874377330375
2157,0.002034855278408974
7047,0.0026826586918903697
1156,0.005009594660283719
10064,0.0022951885027311164
3164,0.0009354333276930619
3092,0.002623327672453714
4808,0.0017720434440938993
2179,0.000593227955036872
7348,0.00048618894602226424
5220,0.0012493409336797874
361,0.0036951712261230475
4158,0.004169542451252893
8657,0.0029701481435730607
4460,0.0027873863271686353
7889,0.0009137905804429755
2209,0.001770701480069284
5841,0.0016362549026490828
1670,0.001176637292711731
1920,0.0018831947782295278
408,0.0023754220407634303
8326,0.0009193666814442984
9289,0.0011244023963323205
2200,0.0007237904329216655
1445,0.0011696631784081759
5526,0.0026218130531494572
9611,0.001019424403902421
9155,0.001603076019821811
3706,0.0018907676401979307
725,0.004534140905811521
2045,0.005241930611783639
759,0.0013584348411719385
3260,0.0033734077828705632
3103,0.0032866637785255405
4311,0.0016844331316688
5663,0.00114074976933345
8162,0.001637230981298137
8105,0.006401739346853855
4163,0.0004159178960956073
4506,0.0037921824978833737
6276,0.00163741462728024
6346,0.0039229260707486285
12009,0.008876840642078141
11985,0.0021815367602458207
8550,0.004956464590279267
131,0.00356122278982554
3145,0.004301062183680052
9517,0.008118254757575464
467,0.002639339336637394
3851,0.002237161938342787
4049,0.0025779283647433208
62,0.002045661851004621
9719,0.003675855510512874
457,0.005532316100653974
617,0.005477886694850083
763,0.001592771122317207
839,0.0024799302393802495
843,0.0027284916382100985
1313,0.000961303804627674
2971,0.00408084457406434
3221,0.007976336362622117
3251,0.00283736289353991
3297,0.0025975424763446013
3403,0.001280439379463177
3858,0.006815466239418823
4008,0.005095200892247918
5994,0.003503940828424351
6008,0.0071346423029704596
6354,0.002279831904713834
6608,0.008596825573200797
7113,0.0038965871101273686
8293,0.00450574834608799
9425,0.004294709364493765
10818,0.0015761764954193452
6353,0.0033154646911686706
10650,0.003173177717285405
8648,0.0023097150767474725
184,0.0017484858207039147
1443,0.008106342007981545
6148,0.006084191478120457
3239,0.0023894123950061316
10573,0.004662548901794252
10356,0.004461060484205146
10914,0.0029953161713987147
2388,0.00400027206616952
10071,0.0035662827888059065
8574,0.0014514852074454653
9504,0.0030408368181088995
10077,0.005781668749447015
10793,0.004835881843104065
1329,0.0
264,0.004796797291147877
12492,0.0010970681547704637
8926,0.003157029387711284
6198,0.002414816633849032
624,0.002434336518400019
399,0.00285175886088791
7955,0.004342848726806156
8057,0.0032292699870983955
2859,0.012079932120951617
5885,0.0035087892821262594
3017,0.008134406134072765
3021,0.007086292984238313
3400,0.002658781933109675
3778,0.0015723857025631922
3891,0.0046407937445587626
5476,0.001856988770502969
5689,0.00899945679760473
5821,0.004476404964296395
6340,0.002153475226346858
6441,0.0035406176648383825
7993,0.0021023876688104387
9194,0.004694997462902825
9219,0.002706458917303384
1490,0.0009382111455304782
5684,0.0026404495640424508
10981,0.002628122704561908
805,0.0003482031011885463
2436,0.0016458533050874233
3885,0.0022516396033196023
6838,0.004415149275708865
7840,0.0038867059475212852
2925,0.0077906195020869115
4566,0.000925886399485113
438,0.004198462664626867
744,0.004531480664261408
1551,0.004948078376730673
2240,0.004422503263194441
3278,0.005595462158119098
7923,0.003533469315537902
3896,0.006850816485647995
6191,0.005807157377200616
2302,0.007766777835412912
1481,0.0038306753309135305
1952,0.006977211820899387
2369,0.008190074263911211
1071,0.0034899388548381895
2408,0.004631708704218071
1258,0.00163051315373977
1151,0.003194967598456056
921,0.004092294708604523
3446,0.009205523114897723
539,0.002631820622038783
581,0.0023389474580854186
2566,0.0029977960003754393
1120,0.011408394811060067
464,0.003933983357555462
874,0.0019309261941979764
5899,0.0
4306,0.004389902108095056
312,0.0015942263128231055
3044,0.00018599542149225809
3234,0.0054476951436742554
7682,0.004838500532915202
4843,0.0048949435609702795
4298,0.0013789686255420313
100,0.008926718241080236
6378,0.0023865387591512134
12358,0.008651373362361011
1768,0.0070984227755270315
1975,0.0048192781232399015
2185,0.01578759056268892
3356,0.013134655133892548
3466,0.009726217283278141
3821,0.017061903580240716
10890,0.014172105124074798
4273,0.0035080136585534027
4345,0.001473212064238041
5332,0.009996698095608643
5896,0.011355261321281531
6044,0.006235856157973921
6059,0.004890502535634513
6313,0.0015505952403512685
6422,0.005557209768410348
6496,0.006322203265168939
6746,0.005679009305371453
10701,0.006961008908967326
7142,0.002818480883328788
7248,0.002341730123260571
7289,0.003335489495137621
7791,0.003469444814500048
7973,0.017005256603178306
10898,0.005061640997731804
11316,0.00653271765338416
8958,0.0032870838919663616
9362,0.00698566921448465
3193,0.0015031187543227346
8878,0.0
2012,0.012351659900667389
4,0.0015305891864806078
5071,0.002340143016547302
7031,0.005171243895968611
3542,0.0021870292843271305
3919,0.0077399738575887195
6758,0.005148085038537037
4618,0.0028919014694315857
10648,0.00282146217717118
7084,0.0
5941,0.0035706695168425916
6081,0.003210827137682988
326,0.005458671260712835
52,0.004761858162759279
47,0.002860458688476849
655,0.008222954516767895
321,0.007460067862984513
597,0.0032354368274800783
173,0.002468541297342665
12426,0.0
198,0.0007414466173969321
375,0.005181030676344625
31,0.004945326477236144
1222,0.001582493349007976
95,0.005025269597460636
45,0.003497874929660514
140,0.0016150189984502686
2967,0.005228689059257058
101,0.0010399943620160988
8821,0.0026765434986231857
151,0.0032650535961095202
282,0.0006811365714958872
2145,0.002605216581978473
775,0.0018295655034918138
550,0.0035457365582802604
7518,0.0007871758487449764
197,0.006061765339470186
5563,0.005046843289975303
3190,0.0020190051310381295
46,0.007786308919800915
19,0.0006962081729548345
7339,0.0023155270598015543
93,0.004127489353957327
30,0.004448839645851798
55,0.009210759864143788
118,0.0011207258393143302
7934,0.005272277870183023
259,0.003997993741617594
331,0.007099627653140864
415,0.003723242379901094
463,0.006085730784027258
739,0.007110811199878704
1125,0.007344174675734095
1139,0.006179484576924421
1175,0.004933104559374747
1180,0.002680566367036921
1652,0.005283347735925824
1663,0.004070966515981925
2343,0.003070026861178403
2477,0.003143103882285552
2584,0.0015245497594638094
2913,0.004756483115849847
3100,0.0023817087930039977
3367,0.0031033083298880938
3608,0.004754450147932418
3801,0.003391435832229704
3901,0.004535652167408872
4357,0.001743542889507902
7952,0.0055534468152057285
4888,0.005977814518276587
4942,0.0033940780427525576
5046,0.005287193657896025
9829,0.0025700415213278428
6041,0.006026175678084751
6128,0.0017225050343222935
6228,0.004968773957125744
6284,0.004335456121996418
8705,0.004622547037075866
6775,0.006301452582774222
7893,0.005226781691971225
7659,0.003965466442965634
8173,0.0038969847138536243
8448,0.004907360383694655
9181,0.0034403966630292535
7836,0.001090984968853594
1400,0.0005434919592275344
3592,0.001049263412305435
1075,0.000987229841457837
524,0.0021889123609010316
10322,0.002313853595469476
11619,0.0007082188645094899
4448,0.003438839723011492
2600,0.00019019561457057078
5126,0.0061612114680290415
163,0.0019214717365566496
400,0.0015979100006157413
2726,0.005498770201441362
3582,0.004233664564360384
5868,0.0020283811785654277
9683,0.004788768509324195
11125,0.002458159912906241
9692,0.0011207694757071859
5666,0.003199405129823526
291,0.0
8662,0.00541171297235801
6301,0.002416064109477834
167,0.002937167748338589
78,0.00275523571061551
2543,0.004413344169638861
1456,0.0
11730,0.0
12411,0.0006241540171228146
12489,0.0012137403964123268
124,0.0020260985498814985
6236,0.0
12471,0.0014406689532134918
11315,0.0
11578,0.0
193,0.001347506468171677
804,0.00687590103513701
11788,0.001663269759370964
3988,0.00028966457654466625
616,0.0013984218257058231
840,0.006961984163877912
284,0.002641711350812454
2026,0.0008294868157336738
3248,0.0016943872667341796
1804,0.002651696544046838
317,0.004463906859289094
1309,0.00035177340960372073
7931,0.003770536409183952
8857,0.0027475996690046515
12494,0.0023073894957441688
505,0.005484822072534501
978,0.0021348254052878527
1980,0.006650817065675692
2888,0.0011648526707169577
2793,0.0055294436751640455
2607,0.0064707116611382705
2063,0.0026422040680819173
11161,0.0011830804953539915
10336,7.429273572826371e-05
5822,0.0025600088070976525
4194,0.003384841841880774
158,0.00010422762309923362
3077,0.0069189096970140454
1849,0.00253806258268604
2277,0.003064772304355427
2064,0.0
3506,0.002450065070968068
5341,0.0015474215165896673
749,0.0012188999455449443
3501,0.001948256209091068
9463,0.0035750514782083532
2135,0.0023187309430124934
3203,0.002872667816175027
4707,0.0027361925787540726
6391,0.006865315356789159
7865,0.00969871671088971
3787,0.0
4335,0.0021576151375071696
2885,0.004764514246027836
6336,0.0013744222834819273
3740,0.004214359340304174
4376,0.002486839520920223
4329,0.0018236976263043445
5574,0.0008661532364151039
2805,0.004009929684419572
5334,0.004454359304615251
4471,0.0026303985693811476
7287,0.0019402362364843067
5640,0.004299191989764961
3018,0.0031854734697553512
10340,0.0067243311948374
5882,0.004135438587558613
6654,0.002277248616608122
8331,0.002371444226811919
9152,0.0
10053,0.0018764313734139196
1399,0.0027635020634186507
9381,0.0015105728992237757
12238,0.0
8770,0.007616913147233546
3496,0.001216216088072416
10707,0.0022763005715689907
6518,0.0017913481115637618
8767,0.004084611131779197
7880,0.0022854670250577135
12318,0.008001240145970454
6685,0.006382498512777833
5156,0.002833115722110863
5527,0.002376331546569837
10513,0.002187980491255512
4197,8.662904948601376e-05
892,0.0058377969078070805
925,0.00599408923336608
192,0.004558144184003547
349,0.014977904260217174
365,0.0045944086604431025
497,0.01999129431495237
598,0.0033549126052530055
653,0.004947441239597236
1278,0.004196079287232353
1459,0.005883031641026812
1480,0.004353794812082075
1902,0.007510017772290001
2155,0.0039029665246433387
2753,0.008335948635630254
3659,0.003850907826123209
4072,0.003411982542905616
7481,0.007578515982323406
5794,0.001581017362045157
6067,0.018945350687338113
12327,0.0004008505412922238
11049,0.007637455688162206
565,0.0009557523693893705
4611,0.003532171369919301
7403,0.0008190861720078505
435,0.009270526831484906
3067,0.004379484833675694
3412,0.005053567031281915
4133,0.0012888846616974715
5795,0.004683670412583
10697,0.0
10670,0.0
10696,0.0
10633,0.0
2034,0.0008346536809483917
4161,0.0026288663586056128
2454,0.003034481111149827
12374,0.0014479643624258553
11469,0.0027241147757703513
6348,0.001356010294180642
4574,0.003007808813778192
673,0.002256138778173018
2457,0.0025004472931680803
5577,0.014334319112220127
3279,0.0016695990069663968
439,0.003338458052829535
12229,0.0
893,0.005437799660722604
292,0.010410853964536925
378,0.004058141642235602
764,0.0035261003806456395
765,0.0045004064788517414
774,0.006448444342916266
845,0.007291063431542105
962,0.008915008755968283
965,0.0077378101779458485
1229,0.006837010589727976
2085,0.004081505586730126
2208,0.006497354469036962
2265,0.005271999808005314
2493,0.006071663982193292
2969,0.019739631139566314
3008,0.003955808178471684
3388,0.00622095031218656
3556,0.007686716285320226
3731,0.008433619765044512
3826,0.006169432260558451
3906,0.008533250762639624
4403,0.011976594544001599
4499,0.00650943605088619
4510,0.005079891783706764
4585,0.018307815658192353
4916,0.006372859337870746
5234,0.012957354172910556
5414,0.007555826190951121
5823,0.005251641419177451
5943,0.005102277674852634
6029,0.006859538194385496
6065,0.004493431355810888
6088,0.004136658646765225
6868,0.00463323016311928
6877,0.01087255524482578
7162,0.0041179957138473035
7763,0.009487396074259233
8156,0.007652825865395741
4490,0.0023000199938632334
3522,0.00243764063916459
1155,0.0029595959575112614
2094,0.0020185083714860863
479,0.002014462165607628
3928,0.0024292130384040577
3030,0.005316883138119265
412,0.014074999142021568
750,0.014152822485978881
2427,0.0029990315136888854
3527,0.0027936538826343936
3895,0.004441357785665908
3974,0.0032245352441602547
6822,0.00451674439832643
1714,0.000767245827584552
1808,0.00014541375230009665
849,0.004910696302213467
3924,0.0021178376298539455
2857,0.004924971927609099
2319,0.005123749464501506
4865,0.004897005621216591
2072,0.0031273907644007322
2290,0.004923718668864388
5103,0.0042108005103860344
5736,0.003926810425717926
4360,0.004367826119183301
594,0.001579086842351155
7271,0.0021991226533518075
431,0.0021822486754085007
338,0.0
675,0.0004511014059531606
825,0.009594490163004522
6337,0.0005964671808886063
721,0.0017518851205683766
5649,0.002373608193125242
767,0.002309293988297983
1694,0.0026566378666819292
4328,0.003077672345967572
6537,0.0028671100516104863
945,0.0019127974072833563
3200,0.006342242868117956
6018,0.001583027504406154
440,0.0031494990052934406
4215,0.004578534776830772
5395,0.0017052558899323454
1725,0.006634850873369298
7643,0.0037534588281449696
1554,0.00467582720558298
9656,0.0006134629102973725
9550,0.004636638684335767
209,0.004184858605031802
5398,0.010324468067262694
4956,0.00972592570164128
2137,0.0021952042229334613
2216,0.0013261580835277377
7288,0.004746861086080858
2724,0.0018192834926735182
9928,0.006197712973150809
4710,0.0056532959253469735
6931,0.0019700517468319305
5087,0.0034153659698579844
12240,0.0006017478201877589
9616,0.0009726228509273344
4245,0.003629554833831945
9612,0.0014640374141603187
10061,0.0010974014117948081
1560,0.0053362917431779
2377,0.0018621849822839996
12336,0.0002281853111836641
1088,0.002500079513390939
2083,0.0018598497605635802
1085,0.00421455491273737
5514,0.0036846644993370763
7366,0.003623911778586232
6193,0.0026688695356751908
5859,0.002318871478387567
9706,0.0018102145955726653
2115,0.0023782704349044393
9498,0.005949243501298933
6221,0.0017302783799577064
2141,0.004203689276317348
2444,0.006405613178533169
2414,0.002091586820954153
3165,0.0024843613462612606
580,0.00348582548477759
800,0.0024194777328636467
963,0.00393222257692075
1159,0.003860522014468134
1271,0.0021724376996301357
1342,0.006056224808920921
1458,0.012343025677624683
1496,0.0048367881768422135
1752,0.008184813511005876
1775,0.01284156525222373
1801,0.0031994027292709037
1856,0.0033455549498041105
1883,0.012042459913582748
1909,0.0033183449408511973
1962,0.001779953464645454
2033,0.0023023839499441497
2062,0.0022137542871335245
2167,0.004033407325847471
2169,0.002106815575810793
2229,0.019241872913064246
2230,0.0026910118610022765
2231,0.0016408011222558251
2262,0.005844987071702876
2276,0.00533553828143351
2334,0.004164399965217831
2503,0.006435776165450267
2514,0.003060529478244161
2648,0.00240482490486042
3080,0.00784574473165023
3088,0.02694760324250403
3576,0.008076481022889805
3812,0.006591140104940739
3921,0.007610687421664406
7517,0.00656359010802694
6628,0.0017115029668241767
6682,0.0016626312640836995
7176,0.0014636930051413317
7214,0.017263910326971426
7969,0.002866894066630941
8084,0.0037058969563874776
8139,0.0027580258740109403
8561,0.0002492795804603907
8992,0.0034768682003227247
9481,0.0031826587996521137
1991,0.0010999237548897144
7005,0.0032682541706456182
2140,0.002255171101730159
6164,0.0012904955757105886
4171,0.0024175124374931083
5105,0.002375798746637542
2449,0.0001836334577624298
8845,0.002694473798881963
6005,0.0
1280,0.005560292735513192
5786,0.002708843738320435
651,0.004620729226472374
762,0.00442435076179759
2608,0.003531600703625734
1537,0.00533552648596939
1300,0.00025643263082142235
1475,0.0039359894954873985
8755,0.0014280141736506614
1928,0.0
5719,0.0
4687,0.00025052061168965884
10070,0.0
7963,0.0027978000173492085
5142,0.0021499339857833197
6759,0.002364480874149486
6350,0.0023842124979711853
4223,0.01098666164082355
7698,0.0015652238083030685
4607,0.0012031620265962701
2347,0.004627759861401312
9320,0.0014837089817495229
11620,0.000767052837970602
3790,0.0009109628188035847
10460,0.0026523905065231235
9821,0.0008761973079070094
4968,0.005294537005305637
6230,0.002384221822942874
862,0.0022291106248703125
9523,0.0011537993828075613
9067,0.0034596384159236836
7242,0.0024305243966407375
2129,0.0014953751894585534
709,0.005871084551134519
1501,0.00552758518428113
7652,0.005578991053221059
3207,0.004898436670953113
1398,0.000632980300297762
1224,0.002115418110999557
8603,0.002258195878479556
1312,0.0049389233719543645
51,0.000599397102044741
107,0.0011383974998089082
477,0.002199672156354534
552,0.0014811724371496635
1376,0.002320558287221527
1558,0.0024698385959970415
1673,0.002841054618419072
2049,0.004244329764861997
2251,0.003510875659038955
2855,0.006127469184654695
2917,0.00432705303749586
3218,0.002261692903516964
3302,0.003121474646809411
3539,0.005774313005466799
3645,0.0022976067941107192
3747,0.0021736889646770748
3753,0.004432132422649035
3822,0.0045802967693424025
3846,0.003791205591029933
3957,0.0027789207814917453
9700,0.0022237717158789896
4258,0.0028081742671421097
4323,0.0013410340709249275
7428,0.0026510118009706175
4622,0.002185221879773932
4633,0.0028103964776674695
4799,0.003288914070541464
4938,0.004528415389240248
5018,0.003912186026657987
5028,0.0022192079709564337
5095,0.003095144666742535
5201,0.0043827973062018554
5261,0.003138053515152171
5263,0.004119223440491833
5301,0.0035337813003861215
5351,0.0015071826447158228
5513,0.004614554864350044
5559,0.0046942024631468635
5670,0.002531993684719176
5681,0.003696942316565484
6091,0.007245653992832042
6129,0.0033417214170028135
6730,0.002406426730671555
9861,0.0017777209165377955
7255,0.005586803370415095
7756,0.002659679521761757
9293,0.0038067129546489977
9450,0.003187092589083844
9521,0.00265091767459296
3857,0.0009854235247511666
3621,0.004023340518178825
3528,0.002233383640838782
1121,0.004781478491716596
2292,0.004307021282230948
4496,0.0029987232955593335
4657,0.0030934422527501594
4867,0.002361337948290727
7648,0.0034190869852904673
3196,0.0023804637867539907
3692,0.005987652298629821
5912,0.001023657721832186
8013,0.0018946786822912484
1324,0.0021835904240286937
3996,0.001266114993545426
5614,0.0015733138748290905
11912,0.0008111257267916842
7553,0.0018161095331237164
6720,0.00021517983423377106
7122,0.013848005553787759
8517,0.0021908880432649105
161,0.0031093672091619725
7392,0.0011639253726879032
10461,0.0014318471935356714
8829,0.0
414,0.003429949216090708
8961,0.008334069271106987
3494,0.0029824379806277185
2742,0.0006806823963445072
4666,0.005537403684537309
897,0.0011223003988961456
2402,0.00766364224615459
6985,0.0038188067103151545
1417,0.0031538408554366666
1494,0.008470675142185427
1497,0.010373883149947593
1854,0.0017471861686644957
2289,0.008954729321961154
2345,0.016099917844787433
3886,0.011845651478584148
4069,0.00311489070784804
4432,0.004017538060113847
4522,0.004071387019576415
4556,0.004151480423524857
8898,0.002089698298799251
5171,0.007993293872188582
5377,0.002957644242856244
8713,0.010570352784470194
5818,0.012996386415780718
5887,0.00863367969485129
5951,0.006485960948560146
9837,0.01322703430906724
6578,0.005772760360292204
6679,0.0020829456035377203
7318,0.013933251206969416
8165,0.0035727790002777135
8638,0.021839964061467685
8928,0.004669143031248508
9070,0.008204322792443637
9163,0.005491065436813043
9657,0.013463915002447948
10399,0.009681822843753301
447,0.0016814986573020912
11576,0.00042573146386610297
6918,0.005409829486649201
2462,0.002780433732427867
4099,0.010989388001416817
12236,0.0002850205117909199
12427,0.000597875281319235
11917,0.0
3894,0.003990572945073994
10775,0.0016880555710036503
11617,0.0012330347102263376
5021,0.006742268434471758
7316,0.0005736023986333549
2173,0.002718811349347703
6367,0.0026527110531379323
122,0.0003205118560404666
323,0.001990606110031992
9709,0.0013024088784938216
1623,0.0006281638674869974
2285,0.0012985608652900035
3087,0.0022342033100024848
3233,0.0008429137556919678
3465,0.0007227968710117899
4079,0.005730650880134563
4107,0.0020299084215896217
4382,0.0038608880287654456
5793,0.0006367389866816181
6454,0.008444759340050793
6541,0.00038390039830101024
6777,0.003057893568034326
10772,0.005730650880134563
8113,0.004436304251259682
8132,0.0012177322208881008
8189,0.001227597869238398
8855,0.0017308328354572282
9022,0.008782903646403065
11059,0.003386362303068589
5139,0.0006827115379466902
10390,0.0004472562059282524
4204,0.0029053358344916466
9867,0.0037747602310652644
6421,0.0012631180395743231
4859,0.004992047191614769
5093,0.0039037658074271846
9541,0.00202257128634104
4588,0.00586695046068941
7839,0.0011327957943531167
2390,0.001698955182798138
1626,0.00478780683946673
2622,0.0007647216613552103
4715,0.0009007214173044124
1918,0.0039039859029565355
3449,0.0025339887202190043
4053,0.007363306996050978
3963,0.00795723082946236
3372,0.0019280494724662485
3377,0.00038387954300863556
2626,0.006286155436254834
4118,0.0014987413375302805
10234,0.0
5324,0.0
10530,0.0
6019,0.0
10136,0.0
8457,0.0
9056,0.0031538392640966125
2361,0.003673013777153862
7974,0.008614751487712355
7672,0.0035948526448056784
5373,3.10718774848271e-05
2104,0.003776171902644041
1876,0.006546579866390203
2998,0.0023930230836536333
3541,0.002538889589409021
6768,0.007384986793959585
5509,0.0
5952,0.004716799119574226
6375,0.007606758415179164
9257,0.0007549300985593482
6483,0.008499069645972359
8894,0.0024785495712306865
1228,0.0026273243814310555
9741,0.006278165377809506
8555,0.0
11511,0.0003412732476936919
10355,0.004202994042441069
9695,0.0013344836707405454
12543,0.0
10664,0.011294602158067532
10862,0.0
7475,0.004464839275501143
7970,0.002962038599364575
10034,0.009088777812566314
2475,0.0013330528905318379
2797,0.007236066395793476
10971,0.004359661467056817
3005,0.003410980759564793
103,0.0019746756478864046
10189,0.0010709966591966173
1008,0.0031887178499474195
12279,0.0013160198205994643
2000,0.0028913255638004154
2093,0.0038150457363134737
2954,0.005662803313984167
2466,0.001899139193939846
2927,0.0033873795537633276
3401,0.003826185197425679
3524,0.0031487965265758087
3929,0.0035554134891804465
4062,0.002471011433879256
4114,0.003413257706803609
4131,0.013445330261541275
4275,0.007517749579041005
8193,0.0035643053029627233
5107,0.004008122997734671
5227,0.0041768339979617345
5246,0.014919921669400081
9104,0.003916972857661481
5727,0.002225090191950612
9499,0.011265956521712169
6237,0.0020968141923005186
10432,0.007338902837008175
6445,0.004421402872660562
6567,0.0029693869048496996
6587,0.001339820970204883
7085,0.012210672227824031
7336,0.000933416252008007
7696,0.0018185923761921633
8336,0.0025116344882274034
8646,0.015687041965307298
8913,0.003766705271705585
9096,0.0019241949746278233
9485,0.0040706166695251384
9487,0.0012552022721748054
9544,0.002115995166061297
11156,0.005131179452456208
2682,0.0017158277012875793
12622,0.0014230658624564045
8996,0.00409477505713237
9988,0.0040544957557380155
2839,0.0024156564188665547
3180,0.001380715156470314
6803,0.008009371536867161
608,0.005877685768356416
9822,0.0032136976714348202
3545,0.002061895599802075
3072,0.0003439084033703759
8612,0.0027311030914935843
8628,0.004426853120604381
9638,0.002522679695457713
7206,0.0032578593486211117
2909,0.0017629239650681667
4377,0.0019469214948937817
2650,0.0032200247142911147
2826,0.004165925849323672
3911,0.009109712050837866
8896,0.005185692266759456
8465,0.006566253074409954
9573,0.002697069735329565
3966,0.003640467792011319
1882,0.002968330408759913
994,0.0024128104186668864
7801,0.0013856557386622242
11941,0.0016128942215403068
784,0.0020127906575267552
7434,0.0031238853783529647
2223,0.0023658450846279788
2577,0.005844411410555365
2769,0.010462075352398376
9947,0.003936364696559578
3634,0.00361237246857924
4125,0.0036169502610260995
11106,0.00463157693652945
4994,0.006418875676140727
9624,0.0010421380589738188
11388,0.00994924021610382
5628,0.011164193841317116
5966,0.004296132108399873
10598,0.004505506795788686
10419,0.010134453370298158
10977,0.005317123529918184
9237,0.0021671079512051573
9374,0.0036951818431487297
9475,0.004305949791374852
10057,0.003971960591199085
10298,0.004820612065326376
10437,0.006400165029556755
3626,0.006805530352068252
10303,0.00687356387779204
7859,0.003401453673008947
10428,0.0014598629423763561
9137,0.00031872821950452507
10776,0.001681425767479634
11854,0.0019295790632635032
6890,0.00043933865656071487
5478,0.00309824697582358
8735,0.0011241406325197554
9753,0.005189402743502926
11074,0.0007593776743315664
11338,0.001894661425432891
6045,0.001592044113915096
5743,0.0057317453925114295
10418,0.0028717287254937905
8063,0.006554089400482872
5267,0.0
4911,0.0010917215509855258
6965,0.0077330603349471784
5279,0.0
332,0.0098951703560421
386,0.0022875852815394636
1138,0.0018994120243914013
11453,0.00826957831789178
1420,0.00721455485548801
10238,0.009762360518731871
2138,0.0033749885142706514
2727,0.012029330339353874
3378,0.00502145668743169
4669,0.0067084755827291394
11877,0.01131879655707743
8490,0.011342322838758145
11587,0.01254701526674175
5776,0.002815013536002891
6820,0.007104397182728549
7305,0.007620479282506531
7786,0.011774867034722636
7866,0.008326977750207328
12402,0.012862241764113628
8303,0.006761545865676239
9126,0.004690066144955146
11665,0.017413665420806197
12035,0.005818488682055992
9019,0.0
7335,0.0
11568,0.006203480282433256
6495,0.002506093190668528
7735,0.006498069464841622
12394,0.0025960119805370817
9748,0.0
5928,0.0
4481,0.0
692,0.0018565775692526126
6862,0.0011292288083513521
5959,0.007703601699112917
3086,0.0004380372621787341
6937,0.0028953503417771284
8364,0.0
5312,0.002875399377162617
10301,0.004338709595854759
8677,0.005237575714940361
668,0.0017128772922989192
6300,0.004862955201894796
4847,0.005737843897146284
1410,0.004489867041263794
1583,0.009183667461203816
1662,0.003109710021721055
1722,0.0035092034659729705
2247,0.00350257502079072
2553,0.005582835705293386
2699,0.0021981404840156647
2734,0.005063920599513062
2747,0.008150730040508349
2786,0.006605954485684097
2850,0.002438880357146795
3007,0.0027319954571036146
3055,0.002660786579460227
3116,0.0010607309541121645
3215,0.0029062501906023277
3306,0.0061678941039707376
3948,0.003879763488641242
4154,0.002954524597455278
4341,0.002249947309121569
4546,0.0071767212803188
5184,0.005406770784452777
10491,0.0028331649664083375
7980,0.007105240147036986
7498,0.0070748224749116306
1530,0.0013398304128433612
7467,0.004236689796273
1451,0.0026145747749026257
80,0.002261471827833875
6880,0.0024467265613655476
9524,0.0
2787,0.0007930433735750572
10088,0.0020961004192232087
12554,0.0013505270626407908
2387,0.0025711611219587133
8824,0.0025466064425391567
663,0.002835031598195658
1993,0.0044338695722976225
2778,0.0002972562263431192
2315,0.0
6054,0.0005082597502386447
4576,0.0013129032884595146
12393,0.0
8134,0.0047710633203228115
9193,0.0
9598,0.0028063204325345756
6200,0.0
11596,0.00035381313170700665
4001,0.0012490444904697453
10114,0.004384446898136508
11636,0.0004143807367090274
8947,0.0
1386,0.004369069367365176
7694,0.00473272005461576
7702,0.005515630194694254
8027,0.00473272005461576
12101,0.0006598173522610187
9579,0.0024161085442066387
930,0.0028900815669197434
5633,0.003558029472073642
7280,0.010210294224698763
6311,0.003792455306451389
3047,0.004656096521158114
6222,0.003257120009811361
5908,0.004909574105056936
2144,0.007099014502280162
1640,0.0003792981078040142
6980,0.002511212137140839
6539,0.008138364812910203
6832,0.0023822180817793183
10958,0.001797798781528299
8832,0.002442740762347796
6279,0.003862087792375648
9207,0.0027448052015214266
5000,0.004419472329073755
2170,0.0038574780365106774
5536,0.004483949029325578
6358,0.005432427750621906
8235,0.0025833392300047605
1860,0.002262155287130314
1283,0.00014001607351459398
381,0.0004415911716219184
1816,0.000718804405182848
9361,0.0013132003600411133
3584,0.0038218899700749502
8135,0.004384277888941454
6725,0.009713089432073961
4681,0.006495902084109282
6003,0.007845541555480635
5125,0.0029849385182403663
6475,0.00565691341366281
6099,0.016831869219636492
4891,0.0073424336577724795
5946,0.0027468725663068183
8083,0.0017746526845126326
7017,0.004398114841280054
1476,0.002484999313759527
7962,0.003677428659331532
4312,0.0032072165697459892
2331,0.004816379352321629
5140,0.0034079495336652417
1148,0.005947083296881111
7446,0.002956169160069045
9569,0.0008714047063774908
10168,0.000753111166479002
6688,0.0018720878526590256
3806,0.0
6102,0.008575759124341106
126,0.007102781306366622
12150,0.006679843113784236
493,0.0029106604425476086
883,0.003498641905760199
1100,0.006614220148221123
1446,0.013598256878583398
10687,0.008122545348387505
2082,0.012787328820589021
9009,0.007696998624857635
2658,0.012448559713836788
2748,0.004393027298597923
2975,0.005445053971374068
3596,0.014212479880123951
3807,0.01234321826045924
5835,0.0050885916223243855
5995,0.0047009136689283295
6394,0.009471260634787973
6642,0.004438820391407783
6978,0.013801379958137195
7035,0.005243506841894996
7988,0.008549483659310221
8066,0.009057909023589527
8785,0.006830811896893219
9054,0.0064380857442543505
9345,0.01279805878300624
9582,0.008602681415902057
12305,0.005790257620020026
10756,0.01236820793944697
1358,0.006050252282763103
12183,0.006099909095881664
9347,0.0036233363518907284
8290,0.004514401141959349
1252,0.0042160176259141745
944,0.006704840390595563
1743,0.0078372328912223
2168,0.007706213306706688
3834,0.0045238311579879125
6404,0.003774335533805185
6492,0.005957696220306356
12511,0.009016602636946269
504,0.001238898498704344
889,0.0011668359213926423
6,0.0011508394749314115
10039,0.0064886696108936255
407,0.0016949881222546332
6500,0.0
6626,0.0025656718728995316
7814,0.011504102778396159
1531,0.0027418046592722818
1389,0.0032644607159852145
1791,0.005218720450659387
2171,0.006069834540607894
2819,0.007214186644854001
2982,0.004882704645937878
3490,0.004397064312573464
3599,0.0028558201148451614
3703,0.011190124975652216
3959,0.008278170520758427
4603,0.00511739391080405
4766,0.012101980246440207
4928,0.006789723621596265
4949,0.007451911076955082
5243,0.009222111191986572
5254,0.005915445062954868
5282,0.006851916979004341
5407,0.01843885436559817
9462,0.00516041884353142
6037,0.015028194164549678
6686,0.01146717469742008
7119,0.014118717414891171
7664,0.019486638892959842
8040,0.006149663652208287
9762,0.005164471074936667
8548,0.005412388977866394
8816,0.0046752550493013795
8939,0.006881454227496373
9150,0.003655416732195808
6023,0.0019881327889603147
4631,0.0
753,0.0023891184259967222
8257,0.0012518937470864602
6269,0.0
6655,0.007844257822968576
8901,0.0
11775,0.004056770941559055
7948,0.0012803487210777179
7568,0.00025329607982846504
1959,0.006257840004678161
3614,0.007413536824405268
1863,0.0045865566347429885
12352,0.00069464115153614
1871,0.0020433221426599526
11944,0.00037776874640778194
10277,0.0
7342,0.0014218393149843507
5212,0.0011275338484468135
11743,0.0
7187,0.0
10085,0.0002999433384263939
3049,0.0004941818483498702
3818,0.00032369378181851185
510,0.001135270815558898
302,0.0025014213601567115
2071,0.005924591156203611
1987,0.002746313213978807
1669,0.0020924408216117306
615,0.0034401208729191845
6591,0.0023533259538884533
6016,0.0
7320,0.0032961594105791617
1225,0.0024280488544793665
3783,0.004481134815914519
4412,0.0032115359832090087
9053,0.002244296238908918
1212,0.005535271176651938
11570,0.005040439105729206
3833,0.0016723646554049753
1192,0.0016020359359139006
7869,0.0027133979755011857
1499,0.0015209046696707262
7370,0.0035800522500123253
199,0.011728421392373605
295,0.005776364690665022
298,0.0021813590030630103
743,0.0070162164918133926
1073,0.0018388768245266806
1145,0.005304375915450115
1147,0.00546276395265266
1527,0.001268466808532437
1859,0.002885299846375382
1879,0.0038933959115702685
2804,0.007219253249254401
10783,0.0012317288384955023
3586,0.004534613029784205
4012,0.003379774899922756
10122,0.001651553881281685
7153,0.0019893505888082448
7282,0.004539471082394653
7551,0.007329577744200297
8460,0.004407694751360644
9074,0.0018194758956541286
557,0.0028615676995387054
2580,0.0015073070100059646
5134,0.003458538937205033
8823,0.0
3404,0.0
8531,0.009583962654074065
3488,0.0
6826,0.004367973790724244
12597,0.00046495881853236923
9804,0.0051576597821491365
10944,0.0013508218349966529
2478,0.0060662440989954014
2897,0.009204654157489315
4504,0.005979008119659727
1074,0.006782612884542652
687,0.003195618883244405
1485,0.0
1323,0.006285096973721969
6795,0.010947400693649372
2258,0.006326884501045844
3429,0.008426255986581057
7576,0.00399797189516472
1925,0.004077717527584309
3712,0.0030875337575789062
1096,0.0022204047694097053
8424,0.0013348100162766882
1256,0.003778340759063331
1082,0.0005417768508217722
8337,0.0037852925768937997
3907,0.0028685087998256273
8408,0.007155229276261381
142,0.004609792491357855
306,0.0031616575843893863
2120,0.005156733780700582
2587,0.002522922881488659
6690,0.004656335393282477
7580,0.0045112130093761665
9522,0.0013275556099585925
10878,0.005543356295193061
10452,0.006155180777514243
1124,0.0031252468772381267
7663,0.0017728987800174536
8406,0.005957808076519731
2970,0.0
618,0.0
3943,0.0013694879137456123
3978,0.0012990370798247213
3282,0.00201003795563196
49,0.0
3847,0.0030050220795792824
3854,0.0023457489427745645
3856,0.003357143528261477
3960,0.0018262632606739655
4252,0.0014741344176830234
4488,0.0035771297788316594
5089,0.003064050961900005
5288,0.0013495077100384605
5556,0.0027752329526408224
6243,0.004093841447361781
6467,0.0047004054255719765
6577,0.0037976824837909827
6589,0.004449164294516939
6916,0.003084517577374266
6971,0.002408495686722706
8569,0.0033360771046199106
9300,0.0023235414844008824
9339,0.0032453113916015865
5181,0.0034259941779117876
8598,0.00020769838203800258
354,0.0032625546764865434
1857,0.006860026951717067
12576,0.006972963394065945
12553,0.0011822584681255297
10699,0.012862462931877733
1044,0.0033250397424768067
11099,0.004258472910598091
10568,0.00029793779267343586
10291,0.0004429348695663802
11961,0.0
760,0.0029819250454891687
7237,0.0
1321,0.006665442704826195
2349,0.009424479742111356
2887,0.0038799726351238678
2960,0.005583513110252471
4146,0.022613456741579878
5053,0.006523953394390873
5059,0.006931828700662239
5320,0.02321601189441641
5416,0.013569530561292219
5450,0.012257475738280843
6818,0.006969392460662135
3761,0.0027403819698494
6248,0.01071330588050384
3467,0.002271421776234077
425,0.0056260062080323615
9800,0.02358478980278607
3502,0.00043916855577888226
1606,0.0037627963353943214
8623,0.0008064029282396412
4094,0.0019815240369262283
700,0.0010580302462825772
25,0.006331087256831419
458,0.0030526537565190026
1132,0.0023514903240656328
10191,0.00415620729451792
3281,0.0020325212544197824
4110,0.0007637041163012822
3413,0.0005225358066306688
830,0.003955820178852354
1466,0.0017687733856784718
2505,0.0019081592821565167
2547,0.0029513726298745525
11813,0.006537048741372234
11644,0.00111660712637472
6224,0.006447982899959856
11684,0.003927391067795329
12196,0.0013338228121527853
8347,0.009138053652163363
8318,0.0067327011575044875
9588,0.007564097359050546
10849,0.0020333803295673764
10528,0.008431898548062453
12200,4.596961314708293e-05
10584,0.004799534571317582
6742,0.0
8936,0.004471182224824303
10133,0.0
10228,0.0024516941533072115
128,0.0013954653532384648
10908,0.0032053457198516393
2831,0.0022401971052084884
585,0.0005980569586469121
4981,0.00046348408732606436
12311,0.008389565771571277
12685,0.0020692229660564418
2380,0.0006701521457520733
3369,0.0033859140672504082
330,0.010125393804385832
188,0.010592842224883728
521,0.002414982674782912
6355,0.010385728571663012
9188,0.005760330034551136
9648,0.0065970833080135245
5578,0.0017585525301811065
15,0.005528304499149341
29,0.004543156485206033
73,0.008979696574861019
339,0.007808757005421057
822,0.0067856942856016796
4584,0.003333559916205609
4742,0.0032031246454068867
7984,0.012182311564199392
8230,0.003273228558039709
9140,0.006983634046503347
913,0.005054446920262557
7803,0.0043071884052475395
6712,0.006901804684281747
9199,0.0
8602,0.0
7126,0.0008397628465127738
4713,0.0065236839848945355
9597,0.0
11304,0.0
10923,0.0
12485,0.00041432884914936426
11806,0.0
3492,0.0023327921878784547
3435,0.002242158219967324
2403,0.0011093391153905487
5333,0.004004702281276119
2873,0.004304644086137862
4691,0.006652918763875072
1668,0.003670069568679559
7252,0.007518561423895144
1733,0.00680273449532323
11537,0.00543405180375948
10254,0.0017026771574037327
1961,0.0022990722052756863
1747,0.004766733659950603
9945,0.0007370392423429966
1964,0.008979278039106092
7673,0.002342973661492874
11650,0.0
12233,0.0008321816251335873
271,0.005611014426760011
5759,0.0032083667202784548
9818,0.0
11664,0.0
5876,0.0029706250919438273
5929,0.00375773164032248
9044,0.010551617536857126
9444,0.0031496086347052826
8091,0.01045969360910283
6362,0.005071710154899805
741,0.0005234110205939496
7155,0.0021616197291974494
441,0.00874750934464355
6104,0.0
6540,0.0028003955717010435
6653,0.0015482858297285148
6700,0.0010678044115885752
8428,0.002048125462382084
11133,0.011021171157468515
10653,0.0010837321711827251
9261,0.000493216304519426
4420,0.0003346816465485141
7797,0.0027631286868321434
2465,0.0
2074,0.0
12588,0.0
9002,0.005788200008370084
56,0.016228456621771473
797,0.0031729625443187724
5673,0.0001233040761298565
9335,0.0024323025349273068
206,0.0069771482120101645
2452,0.0041298865869474274
11718,0.0015421801571862837
4547,0.0030433587092404267
6163,0.003983288872316462
6339,0.008028986543785047
7879,0.014986480691726681
8261,0.004879542598062296
10967,0.0038326256671914836
8624,0.007208620627040914
9283,0.002447939570558224
9457,0.0038400046532338066
9560,0.015380691630825612
7281,0.0028744178578726867
10459,0.0063745247253166465
3098,0.0054281129343136105
11993,0.0019578204479704297
11869,0.009344917152056197
10134,0.0
11894,3.7419547971860516e-05
11486,0.0
10126,0.0005721363530952747
296,0.0025821518615346656
10928,0.0012047120898432036
10927,0.0008685276075877605
9535,0.001622250313420136
2851,0.0
8854,0.00035020154256975287
7594,0.0
629,0.0034180430676764737
12406,0.0
12405,0.0
12435,0.00017086835794667162
12505,0.0
6555,0.00741882558510342
6954,0.0021366534743046317
8444,0.0017438782234721138
7828,0.00047434770627868616
6711,0.006425335462677354
10565,0.001250971774158272
12128,0.0
12294,0.0018104037777031212
11909,0.0006385853833626066
6977,0.003481654488632553
12182,0.0010986553370535398
2182,0.002469270828028525
11892,0.00046968411540838846
4365,0.0028413186956488022
7670,0.0
5338,0.008924713050883005
3069,0.0011126327281447287
11878,0.0008192832300291023
476,0.000825201611268497
11950,0.0
308,0.004163268788440825
4050,0.0
2617,0.0
9832,0.0
7096,0.0
10185,0.004404842250688917
11398,0.001047597328378101
11064,0.0003187419297796067
9307,0.0010289184114070152
9981,0.0
9458,0.0
9483,0.0026594441639654466
9613,0.0024968077229140205
8357,0.00439903307465688
10358,0.0009025354058633571
7890,0.0060314775352356
8951,0.0055788775183736785
5865,0.006532857977392637
12146,0.00040406115030605573
4999,0.0009097647759263067
3544,0.002161370135404366
803,0.001368485304909432
12313,0.00021581468281745204
2636,0.0008631338640008188
8295,0.001978857024277085
1243,0.0012132447146213745
2770,0.01301032605144913
3518,0.0007198434117863137
2435,0.006697869760220694
11848,0.00799174802849196
4783,0.003323156821547832
5024,0.002839675133731283
7863,0.001065012507807234
8025,0.0017397774252751752
8560,0.0036560733677264024
8761,0.00877145766595182
10791,0.004343046524877702
9408,0.00010853122813491193
1685,0.00037337620077895463
232,0.0015899436605777526
7393,0.0012765276299664334
5443,0.005580549886667802
922,0.0006341251479901774
10646,0.0
12429,0.0
10445,0.0
2934,0.005677729449332544
213,0.010651754508941588
8256,0.0010625910201470688
1967,0.00016135138963813361
2815,0.0
1351,0.002673093671595902
8443,0.0
21,0.0033562693794159356
2496,0.008743948068431089
3078,0.0034318734187416275
4364,0.007901157180916323
4524,0.006105938316709541
5948,0.027025386167574817
256,0.001743133664441209
1208,0.004064570977553817
1508,0.011222301843028136
1731,0.004497008907193382
2035,0.004509532911951538
5557,0.010981411375968982
6703,0.005612389584283144
6790,0.00875659318974513
7817,0.007081223673111322
6246,0.004034853573018617
4615,0.001230271603091115
8807,0.0006449573284872972
11157,0.0006394486949430777
5262,0.0
7846,0.005414729702183575
2346,0.00392859406381675
3768,0.006651199332949541
3428,0.0
10570,0.001928904918835985
1242,0.0030735735910295283
153,0.00523246871642011
368,0.00999171260203648
380,0.0037248056400808233
451,0.006689526961243047
628,0.002604407742466392
875,0.008419304140365735
941,0.004687917138030413
1104,0.004029939225117941
1245,0.007051744650390542
1504,0.005532727768039357
3217,0.01066718880649169
4033,0.004242858890552797
6229,0.010523877092484861
6830,0.007586475244093018
6834,0.00625516418564607
136,0.005013846982151645
196,0.0067945159897200005
401,0.007254230132544654
1368,0.0018282610399704185
2375,0.0007004363254737798
4124,0.015176706147504377
12371,0.005400104659577047
12190,0.023259357695586527
11562,0.0009966461024286028
5522,0.0
12199,0.00068932155019086
12106,0.0
7724,0.0003671776980258847
11026,0.0014666194828310804
10865,0.0
3238,0.0
2616,0.004266070484650499
9203,0.0
8136,0.025047473573980777
939,0.019527864484558607
1013,0.0123598821675144
1056,0.004880131547334056
1154,0.010064831765605407
4104,0.011236433245556603
5192,0.004466674546112778
5366,0.0036391271298672092
7573,0.01052020196076662
961,0.002618471246096187
3231,0.0006240796216258891
10231,0.0006183389802023621
12004,0.00022677280434068106
12095,0.0009333045552328756
12017,0.0
12099,0.001220403973107779
3938,0.0037252733804275214
8715,0.0
10367,0.002096266844715279
704,0.002835443618058341
12702,0.0
1911,0.00018928805041148347
2598,0.0
12504,0.0
4600,0.004741806926608247
12046,0.0005897140638534343
12479,0.0
7130,0.001513561093071875
9546,0.0058801576987670265
7595,0.0010685170364189403
5775,0.0002597488774857354
12425,0.0
11524,0.00044700399374189017
1632,0.0056062072225878095
12180,0.0
5913,0.002038401842449048
11858,0.0019125053961496347
2538,0.010006336328653428
12680,0.0
9948,0.007421526608925836
7741,0.0009338010196805967
12510,0.0
10494,0.0005093280261993457
3325,0.000407519659607312
12549,0.00040815339899438887
12325,0.0
12091,0.0032669094851994498
8581,0.006915347833588459
11778,0.001316521024356611
11085,0.0028771147134204235
12068,0.0019001757640082564
12088,0.00419444245913758
529,0.00539826560618342
10521,0.009509171128843657
5092,0.0013091795605148467
5240,0.0038285302675067504
10886,0.002592729159677456
12089,0.0026902249088376837
10586,0.0033103858947776833
11752,0.0059537158546723624
7827,0.0012340069963756425
8477,0.008149066395026048
9448,0.003881364174078392
10649,0.0015754537154060964
10651,0.0029605342199558833
11934,0.0003946174633174971
6992,0.009860049612062197
5361,0.0018326031125388096
10008,0.003859724526185259
10026,0.00704018024701665
12203,0.0011225953369389747
891,0.0
10382,0.001549882878196264
2984,0.0021708292139996804
12309,0.0001590330788804072
12675,0.00424430285152251
9911,0.0
9059,0.0024284931796392443
12288,0.0
12590,0.0
12659,0.0
9618,0.0014347069138442743
9016,0.0037839935447057374
12235,0.0005475513434143474
12297,0.001476561519654659
10395,0.0005635557762210669
5808,0.0
4336,0.01410606677952762
1301,0.005733914222587131
1357,0.003954279797445168
2123,0.0034726377141089076
1937,0.00736948678479992
11584,0.0
1492,0.011361462112059153
7506,0.012953146365595102
1517,0.01495662703446413
1568,0.00666300151601676
2089,0.009459276870206097
2119,0.0078049244961829614
2272,0.007926572095966507
2342,0.011970699107030613
2359,0.006649239521657569
2516,0.011161740262189928
2670,0.015046139551069497
2692,0.013134554213438902
3489,0.01352988232860005
3511,0.0022707314427246324
4141,0.010880570502228114
8311,0.01191594283126751
328,0.009826380230043648
844,0.0
1737,0.020409305200437742
3439,0.012650168304619404
3531,0.0
4140,0.01054128238124066
5851,0.00018785221669392118
11697,0.0
9170,0.0008898025734538942
10411,0.00031453871261389915
2656,0.0035079287096335104
6087,0.007331596786489221
2166,0.015092925479052022
4313,0.004195517975224208
4656,0.00811790083089833
11332,0.005143250833204555
10721,0.0030204699036869955
10778,0.0029773230756245796
7853,0.0034588526225587217
10082,0.0063134431866585196
3607,0.0
6211,0.0031663022196383277
11383,0.0015357192234779736
7484,0.00014329671894797126
5400,0.0
10735,0.0021923198530629283
1317,0.008047028068489812
1470,0.010904745398822208
1907,0.003889520056367472
2264,0.00811498633827733
2939,0.008573944431902914
4444,0.008460430475264779
4955,0.0027528838393689964
5630,0.0020719064262067293
7638,0.0075632143517575245
9788,0.0076846064198211606
2424,0.0
11900,0.0026477750409267136
10751,0.0
11768,0.0
12434,0.0
12266,0.0
6659,0.0
6553,0.001979476441881129
7897,0.0
384,0.002865817580855941
11530,0.002230390480853406
2194,0.005521558940983813
2314,0.0015453884237842453
2987,0.0
2986,0.0024281937613436014
956,0.0
9200,0.000362192620808706
11496,0.012388511565609564
11178,0.00906277460893763
5217,0.0018684181237794625
7693,0.0018503403437590276
11734,0.0002352920343351307
9110,0.0034799403150242323
12241,0.00039502818536242497
12005,0.0
11242,0.0005120671278523784
8719,0.001839034932045508
11699,8.48176420695505e-05
12736,0.0
4763,0.0006042530847152918
10232,0.004388129417204224
3163,0.004797952948583572
4553,0.005773836541326664
5090,0.012354961144318173
5648,0.009307891534566955
6319,0.004592726685258711
10903,0.0019966004572827185
9717,0.0
7826,0.001124090035667008
11381,0.000613796656940302
2833,0.0
418,0.0
9985,0.015101285240711129
11691,0.008516730083916462
11559,0.0021528118368593745
11728,0.005959931399832328
4415,0.009672267002690024
7727,0.0
8938,0.005220143966474359
5155,0.001838710788194606
6480,0.004346936706283416
8524,0.011054272429061493
9389,0.0022033702618390674
10484,0.000961225007337016
9845,0.014669690037507807
1471,0.002010741657145773
12055,0.001123901887661048
10668,0.0
12462,0.0
12159,0.0
12173,0.0
11964,0.0
11769,0.000493216304519426
12535,0.0
12490,0.0
10556,0.0
6447,0.0008783349048648019
8576,6.0589178361696234e-05
6225,0.0
1845,0.0
11325,0.0
10925,0.0
9447,0.0
5662,0.0011159320475753046
12083,0.0
12342,0.0020593105285896984
2674,0.001972823880707048
9834,0.0
10006,0.006224358508285519
11461,0.005203313814913226
11234,0.0010986065515979524
12071,0.0
12165,0.0017527922243927114
8143,0.0010897677037428252
2557,0.002803771663432009
781,0.003645488761921277
2574,0.0006982525523192279
12587,0.0
1457,0.004347572706080043
12174,0.0005675429782220591
10074,0.000972308907617578
12381,0.0
4825,0.0
1374,0.0
12230,0.0
12065,0.007751228483911342
12051,0.0
12547,0.004449983986731517
12109,0.0
12096,0.0
2974,0.0
8315,0.0024030417915624977
12334,0.0
12011,0.0025954731698803473
3151,0.0002274075188659625
11231,0.0
12532,0.0
7269,0.0
1584,0.002887067816928695
4519,0.013610036511313164
5402,0.004166064826848604
8852,0.0008592205076882449
6854,0.01531618945929214
6113,0.004212959271937831
3523,0.002039211947171504
8692,0.005436448419700576
11643,0.0007703186328097935
2043,0.013807592120627609
2180,0.007290684583813476
11114,0.0016115105665341577
11817,0.002735510843084048
3968,0.002387492307263381
10242,0.0021688112257541225
4624,0.0030613625291523337
4878,0.0020559368768178496
11044,0.0018440956992721229
5607,0.01050226373103676
6010,0.002275508772710017
12250,0.0035621351433597764
6328,0.00958925130614075
7737,0.012889543337360414
8149,0.0015940450292089936
8321,0.001985545369204396
8520,0.0012872191765625955
9135,0.007844618464002218
9492,0.0036134628284242476
11533,0.0038412276173499294
11591,0.0010936408698378705
3780,0.0027334692786353046
9141,0.0020328205134726163
8793,0.0018220661506178986
7583,0.0
6118,0.013533927437833564
10161,0.00383050465736291
824,0.004082843439188355
8724,0.005032615223105898
8088,0.001288138785012755
11604,0.0005600959683750318
11263,0.004679523346609952
9222,0.004679523346609952
8969,0.00024400150611230656
10604,0.0010457701015168517
8098,0.0
12037,0.0
3880,0.0005204572883943794
12407,0.0
7295,0.0
2328,0.0
2284,0.0008030520126574725
12516,0.001498809053960635
12541,0.002156041564868785
12653,0.0008566528829828517
183,0.0
1337,0.004336465035772119
2782,0.0030034982988853837
5050,0.001624083766233884
7427,0.0010425904573476902
2836,0.0
6729,0.0009015446313845129
10421,0.0016029529896881345
11647,0.004199425700831486
684,0.0013580410612384101
8047,0.0
9653,0.0004750887922565855
1935,0.0018463239591057338
10894,0.004514891768942577
5511,0.0012306250613820493
7822,0.006671923110839988
9652,0.0033571653084037605
1034,0.0
12257,0.0
12448,0.00020036912371101682
12513,0.00045028499544137436
10657,0.003954930103068957
1405,0.0
672,0.0
4457,0.0
6713,0.0
11748,0.0
12141,0.0
11795,0.0007270995095554387
12006,0.0
5524,0.0
12452,0.0
12143,0.0
9075,0.0
12387,0.0
9857,0.004308668897866065
7564,0.0
11405,0.0
12691,0.0
11012,0.0
9313,0.0008293562756080278
10913,0.0
12160,0.0
12335,0.0002431432121434752
7515,0.0
4517,0.00021204410517387625
6431,0.00017734197037257715
4224,0.0006419117817691527
11067,0.0
9798,0.0007261841279306391
11320,0.0015789555347192974
11365,0.0
4349,0.0
5507,0.0
11602,0.0
1577,0.0
9870,0.0
1084,0.0
3628,0.0
449,0.002298545842034979
11581,0.0
3642,0.0
5116,0.0
11173,0.0029087562228529654
4160,0.0
11505,0.0005787697590777052
11029,0.0
9671,0.0002535624153214731
10822,0.0
10149,0.0
10345,0.0003296891924438235
720,0.0
2807,0.00038034362298220966
4195,0.0002940573710215624
12382,0.0
12343,0.0
2266,0.0005868537553122316
3485,0.0
4736,0.0004354583494230225
1067,0.0
1889,0.0011139616265082761
385,0.0
4852,0.0
5180,0.0
12495,0.0008509931631555758
4922,0.0
12312,0.0
12239,0.0
8956,0.0014419231393424296
12670,0.0
12437,0.0003194686245257103
12108,0.0
11884,0.0
8610,0.0007083534922027218
4871,0.0002794891889504454
10103,0.0014656550521245165
11962,0.006484150384011527
10302,0.0012956295908792528
11426,0.0
9322,0.000838421710948822
8425,0.0
669,0.0019243776047777957
2585,0.0009194666258960251
12440,0.0
4166,0.0
7071,0.0
6513,0.0004774183269680656
7123,0.0
12474,0.0
11746,0.0
2546,0.0026123085737524204
2908,0.0
986,0.0022114070764161836
3660,0.0017237256986203163
12581,0.0
12361,0.0
1346,0.0
11851,0.0
3785,0.0
3816,0.0016388509909705607
6771,0.0038058115656265878
11919,0.003620322340079578
8223,0.0
9761,0.0
9795,0.0
9797,0.0
10676,0.0
1676,0.0
3354,0.0
4466,0.0
9990,0.0004792029367885653
402,0.0
9875,0.0
11698,0.0
12446,0.0001590330788804072
316,0.0016597876037262934
6196,0.002009545566272252
998,0.001004772783136126
5521,0.0
6304,0.0
4286,0.001601942835606917
10947,0.0
9851,0.00033342765829629743
9707,0.00029930156298302156
7544,0.0006441031248000251
6843,0.0
5660,0.0
12300,0.0
11502,0.0
12162,0.0
9376,0.0
9782,0.0021722476703181525
9355,0.0015711605296551483
733,0.0
1381,0.0
10225,0.0
3175,0.001424441175145031
3994,0.0
11729,0.0
3890,0.0
816,0.0
4828,0.0
5582,0.0005821512247347529
12533,0.0
1384,0.0
5693,0.0
11265,0.0
9983,0.004348701330021005
10251,0.012721681171532452
10037,0.0
11921,0.0
9884,0.0
10130,0.004024042648069968
1697,0.003427468850274634
8676,0.004351083833782945
10105,0.0
8506,0.0
8079,0.0007569114431597846
9254,0.0012722646310432575
7251,0.0
634,0.0
6351,0.0
6926,0.0
9705,0.0
7753,0.0
10169,0.0
11056,0.0
11872,0.0
12003,0.0
10660,0.0
11235,0.0
10029,0.0
11186,0.0
8905,0.0
8752,0.0
6806,0.0
11054,0.0
11850,0.0006446599198280812
9735,0.0
12306,0.0
3504,0.0
12607,0.0
12353,0.0
8244,0.0
1716,0.0007392315505123546
1091,0.0
9917,0.0
7376,0.0
8345,0.0
10364,0.0
2948,0.0
2124,0.002797488251852483
10391,0.004782875866953352
1366,0.0
11580,0.0
2282,0.0
35,0.0
7680,0.0
1306,0.0
3178,0.0
8616,0.0
8699,0.004193975133512091
5722,0.0
7951,0.0
5047,0.0
8514,0.0
3089,0.0
984,0.0
8102,0.0
8644,0.00023261071450675092
9192,0.0
10812,0.0
10839,0.0
4500,0.0
1590,0.0
6427,0.0
4708,0.0
9480,0.0
6282,0.0
7782,0.0
1850,0.0
9838,0.0
10583,0.0
10310,0.0
10910,0.0004705112369636384
6798,0.003663774746225975
8570,0.005815879886333635
8880,0.005097469408734456
5862,0.0046160669248433515
7908,0.0052840775534475455
2662,0.0029079399431668177
9595,0.0029079399431668177
7379,0.0052840775534475455
11371,0.0
4424,0.001128473585760207
2680,0.0
9460,0.0
4800,0.0
3004,0.0
4802,0.0
7721,0.0
6761,0.002726537245648203
958,0.0
9742,0.002726537245648203
2740,0.00018176914970988024
8285,0.002726537245648203
3811,0.002726537245648203
12390,0.000902012693433108
7118,0.001444642269494747
8859,0.0032932858720842104
1062,0.0034313996205449725
11318,0.0024513944138766586
7874,0.0
10080,0.0
6176,0.0
7725,0.0
6320,0.0
12286,0.002986225956239358
12514,0.0008662098101368147
4926,0.0001539991696265318
9093,0.0
9221,0.0
8058,0.0
1022,0.0031653807597678864
2425,0.0
8190,0.00035064995346048523
8096,0.0
7884,0.0
290,0.0014182918936310439
9664,0.0001141030868946629
11603,0.0012722646310432575
10795,0.001231153255389553
11330,0.0013708714318226992
5276,0.0012424232043273438
11927,0.0006416214007594559
12354,0.0
10800,0.0018656509211099376
12674,0.0
4404,0.0
12562,0.0
4937,0.0
5713,0.0015568546841728116
5437,0.0
12345,0.00011219967853888891
12626,0.0
12133,0.00121456195485201
10932,0.0016534946693371648
11903,0.004192109728534453
11883,0.002786682149392393
11887,0.002656608155856977
12060,0.0
6451,0.0005464934657720036
12283,0.0
12441,0.0023118582606006873
4775,0.004470913303934164
10279,0.0
12347,0.0015447382076397094
12688,0.0034221791161514123
11363,0.0
12606,0.0004263462797704088
12395,0.0
10463,0.007653947399665134
10632,0.0
12073,0.003940893160560724
12119,0.0
10342,0.0
7163,0.0007479000295820267
7607,0.0
6871,0.0
8283,0.0
12330,0.0
12252,0.0
12328,0.0
7830,0.0
2594,0.00198312685154821
10190,0.000952059268008063
1809,0.0
10889,0.00541478674055527
2749,0.009311697487548634
3587,0.0038856155844787742
7718,0.002171505667001968
10883,0.0
2746,0.0011258938985946052
2640,0.0013337958723291811
2110,0.0
2679,0.0
3462,0.0
3557,0.0
7687,0.0
7540,0.0
11039,0.0
8968,0.0
10151,0.0
10945,0.0
12467,0.0
5259,0.0
10754,0.0
6281,0.0
12100,0.0006329080237808873
12273,0.0
8060,0.0
12098,0.0
8273,0.0
8061,0.0
12116,0.0
112,0.0
7722,0.004065956915781743
8920,0.0
12567,0.0
8608,0.0
5817,0.0
7197,0.0
10948,0.0
10563,0.0
2295,0.0
11754,0.0
12419,0.0
1677,0.0
1570,0.0
8011,0.0
6784,0.0
5774,0.0
12617,0.0
11715,0.0004813714551706383
12195,0.0
11392,0.0
12690,0.0
12695,0.0
4461,0.0020183538375745953
1128,0.0
11996,0.0013750233609884288
5983,0.0
9599,0.0
12282,0.0003201276499197721
12175,0.0008864444033668291
12338,0.0
12570,0.0029349392715627594
12082,0.0
12181,0.0019726806201287713
7558,0.0
12320,0.0
5980,0.0050195678854180505
5755,0.01234322137593684
3617,0.0
9843,0.0
8085,0.0
5863,0.0
12444,0.0
12519,0.0
3261,0.0
10675,0.0
7563,0.0
5916,0.0
9848,0.0
7542,0.0
12564,0.0022045296706722653
12574,0.0005545284477293368
12520,0.0015078240082953885
12657,0.0
12650,0.0
12577,0.004240747487043378
4048,0.0
12316,0.0
8489,0.000517135980189006
11516,0.001262824699263863
9819,0.0013232085388370895
5175,0.01672982001899654
9953,0.0
4747,0.0
6381,0.0
12384,0.000508905852417303
4225,0.0050752598705246154
4835,0.00799384580139914
6433,0.0
7665,0.0
7994,0.0
4462,0.0
4246,0.001207928878423298
3081,0.0020733906890200693
12658,0.0008014764948440673
9279,0.0006718371204545952
10785,0.0
12164,0.004886525742911909
6743,0.00023901444219097764
6218,0.0
1613,0.0
5686,0.0
6073,0.0
6247,0.0
6491,0.0
6649,0.0
6792,0.0
7228,0.0
11652,0.0
11391,0.004819992312031584
11931,0.0026230311332107632
11649,0.0
11244,0.0
10131,0.0
10360,0.0
10181,0.0
12111,0.0
12558,0.0
10019,0.0
7835,0.0
11662,0.0
1382,0.0
8180,0.0
10987,0.0
7373,0.0
139,0.0
3777,0.0
9667,0.0
12349,0.0
12337,3.7419547971860516e-05
12227,0.0
12604,0.0019423321453570681
12323,0.0
12222,0.0
11880,0.0
10405,0.0
5110,0.0
6515,0.0
10606,0.0
7172,0.0
3316,0.0
12295,0.0
12029,0.0
12225,0.0
12373,0.0
2862,0.0
9932,0.0011559291303003436
12408,0.0
8407,0.0015648624231661956
7713,0.0017502603922182293
1288,0.0
951,0.004502435745863776
4255,0.0
10000,0.0
2936,0.0
9478,0.002875217620731392
10724,0.002282061737893258
9698,0.0021368007358747885
11740,0.0
2313,0.0
1552,0.0
5568,0.0
9491,0.0
2048,0.002211791087723244
2078,0.002466176550302077
3817,0.0031071877484827094
7857,0.0031071877484827094
4705,0.0009410224739272768
7299,0.0031071877484827094
817,0.0
6911,0.0
11751,0.0
12396,0.0
11184,0.0
11890,0.0
11953,0.0
8647,0.0
2256,0.0
12044,0.0
3709,0.0
9959,0.0
11287,0.0
2488,0.0
11528,0.0
12076,0.0
5938,0.0
10823,0.0
11920,0.0
8619,0.0
5473,0.0
10433,0.0
3109,0.0
200,0.0
7858,0.0
12140,0.0
11151,0.0
10798,0.0
11984,0.0
12086,0.0
11512,0.0
10904,0.0
12077,0.0
12002,0.0
12064,0.0
12176,0.0
12386,0.0
2372,0.0011559291303003438
8596,0.0
5658,0.0
10311,0.002998993394780476
11407,0.0
12409,0.0
9417,0.0
12007,0.0
11354,0.0
10444,0.0
10692,0.0
7476,0.0
2471,0.0
12696,0.0
11978,0.0
9097,0.0
8908,0.0
11377,0.0
12417,0.0
11545,0.0
1891,0.0
7473,0.0
12377,0.0
11822,0.0
12397,0.0
2871,0.0
2621,0.0
12010,0.0
469,0.0
11337,0.0
11874,0.0
7500,0.0
12206,0.0
11889,0.0
12223,0.0
11206,0.0
6772,0.0
5144,0.0
9318,0.0
8841,0.0
4228,0.0
12586,0.0
11506,0.0
12432,0.0
1963,0.0
2004,0.0
11897,0.0
12045,0.0
12124,0.0
8495,0.0
12614,0.0
5091,0.0
12431,0.0
11700,0.0
10520,0.0
12521,0.0
12515,0.0
2904,0.0
12247,0.0
12249,0.0
11514,0.0
11990,0.0
11987,0.0
11994,0.0
12194,0.0
11860,0.0
12484,0.0
12456,0.0
6181,0.0
6172,0.0
12548,0.0
12565,0.0
12218,0.0
12550,0.0
12651,0.0
12612,0.0
11592,0.0
12697,0.0
12704,0.0
12708,0.0
12669,0.0
12686,0.0
12687,0.0
12628,0.0
9681,0.0
11419,0.0
12508,0.0
12122,0.0
12582,0.0
5891,0.0
10906,0.0
2263,0.0
12304,0.0
3497,0.0
12258,0.0
12216,0.0
11102,0.0
6401,0.0
5883,0.0
11009,0.0
12383,0.0
12179,0.0
12278,0.0
12254,0.0
12267,0.0
12268,0.0
11703,0.0
7356,0.0
12355,0.0
12362,0.0
12631,0.0
12726,0.0
12616,0.0
12621,0.0
12442,0.0
12615,0.0
12723,0.0
10857,0.0
3183,0.0
12620,0.0
12664,0.0
